75f16a89-5e1f-44a0-ab4f-1d1b5d661602	progressed	6	main/melee/mn/mnmainrule::mn_80230274	98.966	99.07931999999998	/Users/Ford/Github Repos/Codecaine/gamecube-decomp-harness/games/melee/state/runs/4a45af8a-9f8c-499b-b375-c0d8e93fc8fd/worker_state/75f16a89-5e1f-44a0-ab4f-1d1b5d661602
9d2821c4-08b8-4f2a-beab-8ae04159fd57	progressed	6	main/melee/if/ifstatus::ifStatus_802F5EC0	97.32044	99.41989	/Users/Ford/Github Repos/Codecaine/gamecube-decomp-harness/games/melee/state/runs/4a45af8a-9f8c-499b-b375-c0d8e93fc8fd/worker_state/9d2821c4-08b8-4f2a-beab-8ae04159fd57
29e9cbba-36e0-4aa4-a8f0-de841dec773b	no_progress	6	main/melee/mn/mndiagram3::mnDiagram3_Init	99.34685	99.34685	/Users/Ford/Github Repos/Codecaine/gamecube-decomp-harness/games/melee/state/runs/4a45af8a-9f8c-499b-b375-c0d8e93fc8fd/worker_state/29e9cbba-36e0-4aa4-a8f0-de841dec773b
44dbf33e-7fc2-4183-9241-1f9517dabe96	progressed	6	main/melee/gr/grbigblue::grBigBlue_801E6C60	98.93183	98.93809	/Users/Ford/Github Repos/Codecaine/gamecube-decomp-harness/games/melee/state/runs/4a45af8a-9f8c-499b-b375-c0d8e93fc8fd/worker_state/44dbf33e-7fc2-4183-9241-1f9517dabe96
a215809d-5306-4b80-8770-f463726beb66	near_miss	6	main/melee/mn/mnstagesw::fn_80236998	99.77612	99.77612	/Users/Ford/Github Repos/Codecaine/gamecube-decomp-harness/games/melee/state/runs/4a45af8a-9f8c-499b-b375-c0d8e93fc8fd/worker_state/a215809d-5306-4b80-8770-f463726beb66
d33472d7-afc0-4f57-b224-5d015acc39a2	no_progress	6	main/melee/gr/grkongo::grKongo_801D6AFC	97.22612999999998	97.22612999999998	/Users/Ford/Github Repos/Codecaine/gamecube-decomp-harness/games/melee/state/runs/4a45af8a-9f8c-499b-b375-c0d8e93fc8fd/worker_state/d33472d7-afc0-4f57-b224-5d015acc39a2
bef348be-8dd8-4a3b-ba56-5aa55baa80ce	no_progress	6	main/sysdolphin/baselib/hsd_3B34::fn_803B376C	97.838615	97.838615	/Users/Ford/Github Repos/Codecaine/gamecube-decomp-harness/games/melee/state/runs/4a45af8a-9f8c-499b-b375-c0d8e93fc8fd/worker_state/bef348be-8dd8-4a3b-ba56-5aa55baa80ce
362d6e74-7cc1-4110-96e5-f2bf594ae8cf	no_progress	6	main/melee/mn/mnname::mnName_80239A24	99.0	99.0	/Users/Ford/Github Repos/Codecaine/gamecube-decomp-harness/games/melee/state/runs/4a45af8a-9f8c-499b-b375-c0d8e93fc8fd/worker_state/362d6e74-7cc1-4110-96e5-f2bf594ae8cf
aa695e0a-765d-40c5-9fc5-08252116e85a	progressed	6	main/sysdolphin/baselib/hsd_3A94::fn_803AF3F0	97.80569	97.84715	/Users/Ford/Github Repos/Codecaine/gamecube-decomp-harness/games/melee/state/runs/4a45af8a-9f8c-499b-b375-c0d8e93fc8fd/worker_state/aa695e0a-765d-40c5-9fc5-08252116e85a
7afadb9d-e052-47eb-b03a-5d08a481d96d	no_progress	6	main/melee/gm/gmregclear::gm_80182578	98.53846	98.53846	/Users/Ford/Github Repos/Codecaine/gamecube-decomp-harness/games/melee/state/runs/4a45af8a-9f8c-499b-b375-c0d8e93fc8fd/worker_state/7afadb9d-e052-47eb-b03a-5d08a481d96d
4841a7c0-4637-4fd7-aeba-5016aed4998e	progressed	6	main/melee/gm/gmallstar::gm_801B5324	90.20312499999999	90.385414	/Users/Ford/Github Repos/Codecaine/gamecube-decomp-harness/games/melee/state/runs/4a45af8a-9f8c-499b-b375-c0d8e93fc8fd/worker_state/4841a7c0-4637-4fd7-aeba-5016aed4998e
89de73f8-7703-487c-b4ba-a3fb77ef95d6	progressed	6	main/melee/mn/mndiagram2::mnDiagram2_CreateStatRow	98.5107	98.85829	/Users/Ford/Github Repos/Codecaine/gamecube-decomp-harness/games/melee/state/runs/4a45af8a-9f8c-499b-b375-c0d8e93fc8fd/worker_state/89de73f8-7703-487c-b4ba-a3fb77ef95d6
2f24af4c-f45f-4d4f-b484-ce6a7cfe5f8b	no_progress	6	main/melee/gr/granime::grAnime_801C7228	99.06735999999998	99.06735999999998	/Users/Ford/Github Repos/Codecaine/gamecube-decomp-harness/games/melee/state/runs/4a45af8a-9f8c-499b-b375-c0d8e93fc8fd/worker_state/2f24af4c-f45f-4d4f-b484-ce6a7cfe5f8b
13ba9bc5-386c-4373-b588-5458d877a6fa	no_progress	6	main/melee/mn/mnvibration::mnVibration_Think	98.33333599999999	98.33333599999999	/Users/Ford/Github Repos/Codecaine/gamecube-decomp-harness/games/melee/state/runs/4a45af8a-9f8c-499b-b375-c0d8e93fc8fd/worker_state/13ba9bc5-386c-4373-b588-5458d877a6fa
54ed08f5-de1a-4129-93ed-27df13e2e1b6	progressed	6	main/melee/if/ifstatus::ifStatus_802F4EDC	98.38868	98.40126	/Users/Ford/Github Repos/Codecaine/gamecube-decomp-harness/games/melee/state/runs/4a45af8a-9f8c-499b-b375-c0d8e93fc8fd/worker_state/54ed08f5-de1a-4129-93ed-27df13e2e1b6
4581834f-bf37-4cf9-8fd3-6eb049005551	no_progress	6	main/melee/mn/mnnamenew::mnNameNew_KeySetup	99.2459	99.2459	/Users/Ford/Github Repos/Codecaine/gamecube-decomp-harness/games/melee/state/runs/4a45af8a-9f8c-499b-b375-c0d8e93fc8fd/worker_state/4581834f-bf37-4cf9-8fd3-6eb049005551
5a03eac0-2911-48ae-b62c-93da0006835b	no_progress	6	main/melee/mn/mndiagram::mnDiagram_DrawGridValues	97.065865	97.065865	/Users/Ford/Github Repos/Codecaine/gamecube-decomp-harness/games/melee/state/runs/4a45af8a-9f8c-499b-b375-c0d8e93fc8fd/worker_state/5a03eac0-2911-48ae-b62c-93da0006835b
5b99b9db-6b6d-42f9-b185-e6dc274a769d	no_progress	6	main/melee/gm/gmmain_lib::gmMainLib_8015EA80	93.62857	93.62857	/Users/Ford/Github Repos/Codecaine/gamecube-decomp-harness/games/melee/state/runs/4a45af8a-9f8c-499b-b375-c0d8e93fc8fd/worker_state/5b99b9db-6b6d-42f9-b185-e6dc274a769d
4ad048b5-9b14-4c78-817c-6ce7d3d54647	near_miss	6	main/melee/gm/gmtoulib::fn_8018C8D4	99.72507	99.72507	/Users/Ford/Github Repos/Codecaine/gamecube-decomp-harness/games/melee/state/runs/4a45af8a-9f8c-499b-b375-c0d8e93fc8fd/worker_state/4ad048b5-9b14-4c78-817c-6ce7d3d54647
3a5541ad-8132-4e01-994a-eb6d791891a9	near_miss	6	main/melee/gm/gm_1832::fn_80188644	99.81967	99.81967	/Users/Ford/Github Repos/Codecaine/gamecube-decomp-harness/games/melee/state/runs/4a45af8a-9f8c-499b-b375-c0d8e93fc8fd/worker_state/3a5541ad-8132-4e01-994a-eb6d791891a9
a1c1fa65-0b8d-4f8b-abfb-3149044c46a7	near_miss	6	main/melee/mn/mndiagram2::mnDiagram2_HandleInput	99.63158	99.63158	/Users/Ford/Github Repos/Codecaine/gamecube-decomp-harness/games/melee/state/runs/4a45af8a-9f8c-499b-b375-c0d8e93fc8fd/worker_state/a1c1fa65-0b8d-4f8b-abfb-3149044c46a7
23831571-91c3-4ce8-ba20-f4d451d55648	progressed	6	main/melee/if/ifstock::ifStock_802F98E8	96.70097999999999	96.75245	/Users/Ford/Github Repos/Codecaine/gamecube-decomp-harness/games/melee/state/runs/4a45af8a-9f8c-499b-b375-c0d8e93fc8fd/worker_state/23831571-91c3-4ce8-ba20-f4d451d55648
2010c950-d69d-4724-afed-d18cad37ba6c	no_progress	6	main/sysdolphin/baselib/hsd_3A94::fn_803AE7F8	98.67885	98.67885	/Users/Ford/Github Repos/Codecaine/gamecube-decomp-harness/games/melee/state/runs/4a45af8a-9f8c-499b-b375-c0d8e93fc8fd/worker_state/2010c950-d69d-4724-afed-d18cad37ba6c
a31f913a-f2d2-4ff7-8eb9-e6cde686e3d4	no_progress	6	main/melee/mn/mninfo::mnInfo_80252758	98.28846	98.28846	/Users/Ford/Github Repos/Codecaine/gamecube-decomp-harness/games/melee/state/runs/4a45af8a-9f8c-499b-b375-c0d8e93fc8fd/worker_state/a31f913a-f2d2-4ff7-8eb9-e6cde686e3d4
4429578a-87e1-4f4d-b35f-5c50023fd1dc	no_progress	6	main/melee/gm/gmclassic::gmClassic_801B2BA4	97.916664	97.916664	/Users/Ford/Github Repos/Codecaine/gamecube-decomp-harness/games/melee/state/runs/4a45af8a-9f8c-499b-b375-c0d8e93fc8fd/worker_state/4429578a-87e1-4f4d-b35f-5c50023fd1dc
a79bdc0f-2e6c-441e-9d4e-87cd05111fcb	no_progress	6	main/melee/lb/lbcollision::lbColl_800067F8	94.09314	94.09314	/Users/Ford/Github Repos/Codecaine/gamecube-decomp-harness/games/melee/state/runs/4a45af8a-9f8c-499b-b375-c0d8e93fc8fd/worker_state/a79bdc0f-2e6c-441e-9d4e-87cd05111fcb
0e3680ab-1235-4228-b442-fc9d2342dd1c	progressed	6	main/melee/gm/gmresult::fn_80174468	98.09342	99.37716	/Users/Ford/Github Repos/Codecaine/gamecube-decomp-harness/games/melee/state/runs/4a45af8a-9f8c-499b-b375-c0d8e93fc8fd/worker_state/0e3680ab-1235-4228-b442-fc9d2342dd1c
311159c7-bb6c-4525-a606-ce06cebac9b5	no_progress	6	main/melee/gr/grinishie1::grInishie1_801FB3F0	98.49126999999999	98.49126999999999	/Users/Ford/Github Repos/Codecaine/gamecube-decomp-harness/games/melee/state/runs/4a45af8a-9f8c-499b-b375-c0d8e93fc8fd/worker_state/311159c7-bb6c-4525-a606-ce06cebac9b5
0f5cdb77-069f-451a-a214-75917e10dce0	near_miss	6	main/melee/gm/gmstaffroll::fn_801AAB74	99.74940499999998	99.74940499999998	/Users/Ford/Github Repos/Codecaine/gamecube-decomp-harness/games/melee/state/runs/4a45af8a-9f8c-499b-b375-c0d8e93fc8fd/worker_state/0f5cdb77-069f-451a-a214-75917e10dce0
5cffcd6c-d9b7-40d5-809d-f14c753fbe35	near_miss	6	main/melee/if/ifstock::ifStock_802F7EFC	99.65801	99.65801	/Users/Ford/Github Repos/Codecaine/gamecube-decomp-harness/games/melee/state/runs/4a45af8a-9f8c-499b-b375-c0d8e93fc8fd/worker_state/5cffcd6c-d9b7-40d5-809d-f14c753fbe35
175788ae-b247-47ba-8bf6-d03c9eec146f	no_progress	6	main/melee/ft/ftcpuattack::ftCo_800B52AC	98.08577	98.08577	/Users/Ford/Github Repos/Codecaine/gamecube-decomp-harness/games/melee/state/runs/4a45af8a-9f8c-499b-b375-c0d8e93fc8fd/worker_state/175788ae-b247-47ba-8bf6-d03c9eec146f
5359f624-e000-43b7-b96e-ea1a7c628b72	no_progress	6	main/melee/mn/mnsnap::mnSnap_80253F60	96.44444	96.44444	/Users/Ford/Github Repos/Codecaine/gamecube-decomp-harness/games/melee/state/runs/4a45af8a-9f8c-499b-b375-c0d8e93fc8fd/worker_state/5359f624-e000-43b7-b96e-ea1a7c628b72
0241235f-47b9-4025-88b4-cd89804791f8	no_progress	6	main/melee/ty/tydisplay::_tyDisplay_80318CB4	98.48994399999998	98.48994399999998	/Users/Ford/Github Repos/Codecaine/gamecube-decomp-harness/games/melee/state/runs/4a45af8a-9f8c-499b-b375-c0d8e93fc8fd/worker_state/0241235f-47b9-4025-88b4-cd89804791f8
463f3f81-678a-4e8f-9e8a-4737fe489639	no_progress	6	main/melee/gm/gmresultplayer::fn_8017AA78	82.23313	82.23313	/Users/Ford/Github Repos/Codecaine/gamecube-decomp-harness/games/melee/state/runs/4a45af8a-9f8c-499b-b375-c0d8e93fc8fd/worker_state/463f3f81-678a-4e8f-9e8a-4737fe489639
7ae9adb5-74d9-4317-8d5a-d4c07cc69191	progressed	6	main/melee/mn/mndiagram3::mnDiagram3_PopulateRankings	95.815384	96.00256	/Users/Ford/Github Repos/Codecaine/gamecube-decomp-harness/games/melee/state/runs/4a45af8a-9f8c-499b-b375-c0d8e93fc8fd/worker_state/7ae9adb5-74d9-4317-8d5a-d4c07cc69191
d163d29d-4f43-4d82-9e10-3946f6e79e7a	near_miss	6	main/melee/gr/granime::grAnime_801C6A54	99.681816	99.681816	/Users/Ford/Github Repos/Codecaine/gamecube-decomp-harness/games/melee/state/runs/4a45af8a-9f8c-499b-b375-c0d8e93fc8fd/worker_state/d163d29d-4f43-4d82-9e10-3946f6e79e7a
819c2d09-da46-475f-831f-89004373175a	progressed	6	main/melee/gm/gmallstar::gm_801B5ACC	84.45339	84.495766	/Users/Ford/Github Repos/Codecaine/gamecube-decomp-harness/games/melee/state/runs/4a45af8a-9f8c-499b-b375-c0d8e93fc8fd/worker_state/819c2d09-da46-475f-831f-89004373175a
71cf6893-f668-482a-b54f-69901a233697	progressed	6	main/melee/gm/gmregclear::fn_80180630	96.78081999999999	96.80479399999999	/Users/Ford/Github Repos/Codecaine/gamecube-decomp-harness/games/melee/state/runs/4a45af8a-9f8c-499b-b375-c0d8e93fc8fd/worker_state/71cf6893-f668-482a-b54f-69901a233697
c76bc852-9184-4f56-811f-f55a51e90df5	progressed	6	main/melee/gm/gmregtyfall::gm_801A7070_OnEnter	99.20964999999998	99.23128	/Users/Ford/Github Repos/Codecaine/gamecube-decomp-harness/games/melee/state/runs/4a45af8a-9f8c-499b-b375-c0d8e93fc8fd/worker_state/c76bc852-9184-4f56-811f-f55a51e90df5
3a363ab4-6ccc-4381-9f7b-d7f5b81f8680	near_miss	6	main/melee/gm/gm_1832::fn_80186634	96.42770999999999	99.99196999999998	/Users/Ford/Github Repos/Codecaine/gamecube-decomp-harness/games/melee/state/runs/4a45af8a-9f8c-499b-b375-c0d8e93fc8fd/worker_state/3a363ab4-6ccc-4381-9f7b-d7f5b81f8680
d08dc042-eef9-41be-a208-d99718dd1548	exact	6	main/melee/mn/mnnamenew::fn_8023DBE8	99.47784999999999	100.0	/Users/Ford/Github Repos/Codecaine/gamecube-decomp-harness/games/melee/state/runs/4a45af8a-9f8c-499b-b375-c0d8e93fc8fd/worker_state/d08dc042-eef9-41be-a208-d99718dd1548
04b2afd5-b787-45b0-92f3-7083c9b01c63	progressed	6	main/melee/ty/tydisplay::_tyDisplay_80319994	98.600586	99.14868999999999	/Users/Ford/Github Repos/Codecaine/gamecube-decomp-harness/games/melee/state/runs/4a45af8a-9f8c-499b-b375-c0d8e93fc8fd/worker_state/04b2afd5-b787-45b0-92f3-7083c9b01c63
bdcec5b3-473e-4bf4-8eef-aa31744ef5f4	progressed	6	main/melee/gr/grbigblue::grBigBlue_801EE398	98.28082	98.33562	/Users/Ford/Github Repos/Codecaine/gamecube-decomp-harness/games/melee/state/runs/4a45af8a-9f8c-499b-b375-c0d8e93fc8fd/worker_state/bdcec5b3-473e-4bf4-8eef-aa31744ef5f4
9f93f6de-3a2a-4496-a695-aad99692d738	progressed	6	main/sysdolphin/baselib/hsd_3A94::fn_803B1338	98.90944	99.10077	/Users/Ford/Github Repos/Codecaine/gamecube-decomp-harness/games/melee/state/runs/4a45af8a-9f8c-499b-b375-c0d8e93fc8fd/worker_state/9f93f6de-3a2a-4496-a695-aad99692d738
01311b7a-9ed9-43bd-967f-b60145d349a7	progressed	6	main/melee/gr/grzebes::grZebes_801DBB60	98.79687499999999	98.908485	/Users/Ford/Github Repos/Codecaine/gamecube-decomp-harness/games/melee/state/runs/4a45af8a-9f8c-499b-b375-c0d8e93fc8fd/worker_state/01311b7a-9ed9-43bd-967f-b60145d349a7
383c31be-8685-4a4f-98b1-3f0b61a79ee2	progressed	6	main/melee/mn/mndiagram::mnDiagram_InputProc	98.88535	98.96815499999998	/Users/Ford/Github Repos/Codecaine/gamecube-decomp-harness/games/melee/state/runs/4a45af8a-9f8c-499b-b375-c0d8e93fc8fd/worker_state/383c31be-8685-4a4f-98b1-3f0b61a79ee2
0424c6f2-243c-4624-9be7-9c1051c6bb62	progressed	6	main/melee/gm/gmtoulib::fn_8018AA74	97.98977	98.21739	/Users/Ford/Github Repos/Codecaine/gamecube-decomp-harness/games/melee/state/runs/4a45af8a-9f8c-499b-b375-c0d8e93fc8fd/worker_state/0424c6f2-243c-4624-9be7-9c1051c6bb62
d30da8a0-9127-493c-a8ac-cae6dae9f5ca	progressed	6	main/melee/mn/mnmainrule::mn_8022FEC8	98.666664	99.333336	/Users/Ford/Github Repos/Codecaine/gamecube-decomp-harness/games/melee/state/runs/4a45af8a-9f8c-499b-b375-c0d8e93fc8fd/worker_state/d30da8a0-9127-493c-a8ac-cae6dae9f5ca
f1e15d05-0b3f-4ece-ae12-590dde9bd557	progressed	6	main/melee/mn/mnvibration::mnVibration_HandleInput	96.87312	96.99180999999999	/Users/Ford/Github Repos/Codecaine/gamecube-decomp-harness/games/melee/state/runs/4a45af8a-9f8c-499b-b375-c0d8e93fc8fd/worker_state/f1e15d05-0b3f-4ece-ae12-590dde9bd557
04559a1c-0204-48d3-b023-9c5907f6bee1	near_miss	6	main/melee/mn/mnsnap::fn_802545C4	99.72378	99.73219	/Users/Ford/Github Repos/Codecaine/gamecube-decomp-harness/games/melee/state/runs/4a45af8a-9f8c-499b-b375-c0d8e93fc8fd/worker_state/04559a1c-0204-48d3-b023-9c5907f6bee1
6eea84a2-c8d1-4cb2-ac8a-03f42005e095	progressed	6	main/melee/gr/granime::grAnime_801C7C1C	99.04049	99.13765	/Users/Ford/Github Repos/Codecaine/gamecube-decomp-harness/games/melee/state/runs/4a45af8a-9f8c-499b-b375-c0d8e93fc8fd/worker_state/6eea84a2-c8d1-4cb2-ac8a-03f42005e095
62f4eb1e-d18e-4e72-baca-3a6eb4dc717e	progressed	6	main/melee/mn/mnname::CompareNameStrings	91.36905	94.10714	/Users/Ford/Github Repos/Codecaine/gamecube-decomp-harness/games/melee/state/runs/4a45af8a-9f8c-499b-b375-c0d8e93fc8fd/worker_state/62f4eb1e-d18e-4e72-baca-3a6eb4dc717e
c4295bf6-4d03-484e-a391-c31cc2a06dd9	progressed	6	main/melee/gm/gmstaffroll::fn_801AB200	99.07094	99.273834	/Users/Ford/Github Repos/Codecaine/gamecube-decomp-harness/games/melee/state/runs/4a45af8a-9f8c-499b-b375-c0d8e93fc8fd/worker_state/c4295bf6-4d03-484e-a391-c31cc2a06dd9
7231258f-51c7-42f3-9631-79a05fcc7129	progressed	6	main/melee/mn/mninfo::mnInfo_80251AFC	96.62914	98.64900999999999	/Users/Ford/Github Repos/Codecaine/gamecube-decomp-harness/games/melee/state/runs/4a45af8a-9f8c-499b-b375-c0d8e93fc8fd/worker_state/7231258f-51c7-42f3-9631-79a05fcc7129
1cd3bb6a-e4d0-44b1-982a-2da3f703e303	progressed	6	main/melee/mn/mnruleplus::mn_802327A4	98.93646	99.11602	/Users/Ford/Github Repos/Codecaine/gamecube-decomp-harness/games/melee/state/runs/4a45af8a-9f8c-499b-b375-c0d8e93fc8fd/worker_state/1cd3bb6a-e4d0-44b1-982a-2da3f703e303
b9db3bdd-3451-46b9-9806-8aa6fe1c22a5	exact	6	main/melee/gr/grmaterial::fn_801C8EF8	99.975204	100.0	/Users/Ford/Github Repos/Codecaine/gamecube-decomp-harness/games/melee/state/runs/4a45af8a-9f8c-499b-b375-c0d8e93fc8fd/worker_state/b9db3bdd-3451-46b9-9806-8aa6fe1c22a5
4e26cc01-873d-4837-aeb1-dc9dd6568e99	near_miss	6	main/melee/gr/grmutecity::grMuteCity_801F1A34	99.86810999999999	99.87027	/Users/Ford/Github Repos/Codecaine/gamecube-decomp-harness/games/melee/state/runs/4a45af8a-9f8c-499b-b375-c0d8e93fc8fd/worker_state/4e26cc01-873d-4837-aeb1-dc9dd6568e99
62865d1f-4012-4c25-82d7-c4754a659d63	progressed	6	main/sysdolphin/baselib/hsd_3B5C::hsd_803B6BE4	97.91315499999999	98.064514	/Users/Ford/Github Repos/Codecaine/gamecube-decomp-harness/games/melee/state/runs/4a45af8a-9f8c-499b-b375-c0d8e93fc8fd/worker_state/62865d1f-4012-4c25-82d7-c4754a659d63
34ebe7fb-e585-42a2-b4bb-e98e8d4036a2	near_miss	6	main/melee/mn/mnsound::mnSound_80249C08	99.50511999999999	99.56997	/Users/Ford/Github Repos/Codecaine/gamecube-decomp-harness/games/melee/state/runs/4a45af8a-9f8c-499b-b375-c0d8e93fc8fd/worker_state/34ebe7fb-e585-42a2-b4bb-e98e8d4036a2
6ab7a169-1504-4a17-8fe5-6e7ed3b47f44	near_miss	6	main/melee/gm/gmtou_2::fn_8019D1BC	99.602684	99.75033599999999	/Users/Ford/Github Repos/Codecaine/gamecube-decomp-harness/games/melee/state/runs/4a45af8a-9f8c-499b-b375-c0d8e93fc8fd/worker_state/6ab7a169-1504-4a17-8fe5-6e7ed3b47f44
9c9bc409-f504-49ee-b0eb-3dd997f09e13	progressed	6	main/melee/gr/grbigblue::grBigBlue_801EC6C0	96.054794	98.613014	/Users/Ford/Github Repos/Codecaine/gamecube-decomp-harness/games/melee/state/runs/4a45af8a-9f8c-499b-b375-c0d8e93fc8fd/worker_state/9c9bc409-f504-49ee-b0eb-3dd997f09e13
7f8dbcf8-571e-47f3-82dd-c1138361a839	progressed	6	main/sysdolphin/baselib/generator::hsd_8039DAD4	97.54692999999999	98.12298	/Users/Ford/Github Repos/Codecaine/gamecube-decomp-harness/games/melee/state/runs/4a45af8a-9f8c-499b-b375-c0d8e93fc8fd/worker_state/7f8dbcf8-571e-47f3-82dd-c1138361a839
28cfd747-866c-4bc8-bb02-a7dd37b83cbc	near_miss	6	main/melee/mn/mninfo::fn_80251FE4	99.640884	99.77900999999999	/Users/Ford/Github Repos/Codecaine/gamecube-decomp-harness/games/melee/state/runs/4a45af8a-9f8c-499b-b375-c0d8e93fc8fd/worker_state/28cfd747-866c-4bc8-bb02-a7dd37b83cbc
7dc3dd3d-2bd0-4a55-b978-b28a94084d4b	progressed	6	main/melee/mn/mnruleplus::mn_80233218	96.346535	96.9703	/Users/Ford/Github Repos/Codecaine/gamecube-decomp-harness/games/melee/state/runs/4a45af8a-9f8c-499b-b375-c0d8e93fc8fd/worker_state/7dc3dd3d-2bd0-4a55-b978-b28a94084d4b
66ac1a1c-2f79-476f-979d-b3d90cf8b6d4	near_miss	6	main/melee/ty/tydisplay::_tyDisplay_80319540	99.56679	99.78339399999999	/Users/Ford/Github Repos/Codecaine/gamecube-decomp-harness/games/melee/state/runs/4a45af8a-9f8c-499b-b375-c0d8e93fc8fd/worker_state/66ac1a1c-2f79-476f-979d-b3d90cf8b6d4
58db912a-2eab-4092-b18b-265938ac6a7b	exact	6	main/sysdolphin/baselib/debugconsole_main::hsd_803975D4	99.93055999999999	100.0	/Users/Ford/Github Repos/Codecaine/gamecube-decomp-harness/games/melee/state/runs/4a45af8a-9f8c-499b-b375-c0d8e93fc8fd/worker_state/58db912a-2eab-4092-b18b-265938ac6a7b
5291fbd5-c5cd-407f-a8e9-1092061f126c	progressed	6	main/sysdolphin/baselib/hsd_3A94::fn_803B0E9C	98.27118999999999	98.77966	/Users/Ford/Github Repos/Codecaine/gamecube-decomp-harness/games/melee/state/runs/4a45af8a-9f8c-499b-b375-c0d8e93fc8fd/worker_state/5291fbd5-c5cd-407f-a8e9-1092061f126c
93cfe6e0-9802-4c8a-9b52-85e8cc9144df	progressed	6	main/melee/gm/gm_19EF::fn_8019F9C4	98.731544	99.415146	/Users/Ford/Github Repos/Codecaine/gamecube-decomp-harness/games/melee/state/runs/4a45af8a-9f8c-499b-b375-c0d8e93fc8fd/worker_state/93cfe6e0-9802-4c8a-9b52-85e8cc9144df
910c4c73-5811-4e05-913a-2f57728b45ca	near_miss	6	main/melee/gm/gmtou_2::gm_8019E634	99.746376	99.746376	/Users/Ford/Github Repos/Codecaine/gamecube-decomp-harness/games/melee/state/runs/4a45af8a-9f8c-499b-b375-c0d8e93fc8fd/worker_state/910c4c73-5811-4e05-913a-2f57728b45ca
34859e6c-bb64-4fd8-809c-42ff9484af9c	progressed	6	main/melee/gm/gmtoulib::fn_8018B090	99.22923	99.39794	/Users/Ford/Github Repos/Codecaine/gamecube-decomp-harness/games/melee/state/runs/4a45af8a-9f8c-499b-b375-c0d8e93fc8fd/worker_state/34859e6c-bb64-4fd8-809c-42ff9484af9c
9720f112-b093-433b-926e-29c598091be3	near_miss	6	main/sysdolphin/baselib/hsd_3915::hsd_8039254C	99.464	99.544	/Users/Ford/Github Repos/Codecaine/gamecube-decomp-harness/games/melee/state/runs/4a45af8a-9f8c-499b-b375-c0d8e93fc8fd/worker_state/9720f112-b093-433b-926e-29c598091be3
a9872728-d65f-4b92-8804-86dabc0f33bd	exact	6	main/melee/gm/gm_1832::fn_80188550	99.934425	100.0	/Users/Ford/Github Repos/Codecaine/gamecube-decomp-harness/games/melee/state/runs/4a45af8a-9f8c-499b-b375-c0d8e93fc8fd/worker_state/a9872728-d65f-4b92-8804-86dabc0f33bd
c5788b28-8da8-47ed-a244-cf754e380819	progressed	6	main/sysdolphin/baselib/hsd_3B5C::fn_803B6820	89.6805	91.19087	/Users/Ford/Github Repos/Codecaine/gamecube-decomp-harness/games/melee/state/runs/4a45af8a-9f8c-499b-b375-c0d8e93fc8fd/worker_state/c5788b28-8da8-47ed-a244-cf754e380819
bc198866-34a0-429d-b306-4c1a94e04352	progressed	6	main/melee/gm/gm_1832::gm_80187F48_OnEnter	97.50571	97.71482999999999	/Users/Ford/Github Repos/Codecaine/gamecube-decomp-harness/games/melee/state/runs/4a45af8a-9f8c-499b-b375-c0d8e93fc8fd/worker_state/bc198866-34a0-429d-b306-4c1a94e04352
7cca769a-670b-4e12-bb9f-f5c1f012ea5f	progressed	6	main/sysdolphin/baselib/psdisp::psDispParticles	98.70817599999998	98.709274	/Users/Ford/Github Repos/Codecaine/gamecube-decomp-harness/games/melee/state/runs/4a45af8a-9f8c-499b-b375-c0d8e93fc8fd/worker_state/7cca769a-670b-4e12-bb9f-f5c1f012ea5f
b551a8c6-cbfe-4779-b77b-39be9a614f2a	progressed	6	main/melee/ft/chara/ftCommon/ftCo_ItemThrow::ftCo_80095EFC	97.59124	97.62774	/Users/Ford/Github Repos/Codecaine/gamecube-decomp-harness/games/melee/state/runs/4a45af8a-9f8c-499b-b375-c0d8e93fc8fd/worker_state/b551a8c6-cbfe-4779-b77b-39be9a614f2a
64b76d5b-6f57-4d73-8f38-a53b26d385d1	near_miss	6	main/sysdolphin/baselib/generator::hsd_8039F05C	97.68932	99.951454	/Users/Ford/Github Repos/Codecaine/gamecube-decomp-harness/games/melee/state/runs/4a45af8a-9f8c-499b-b375-c0d8e93fc8fd/worker_state/64b76d5b-6f57-4d73-8f38-a53b26d385d1
a2cec204-2ba9-4d75-bde8-4c297a29c849	progressed	6	main/melee/lb/lbsnap::lbSnap_8001DA5C	60.601852	67.546295	/Users/Ford/Github Repos/Codecaine/gamecube-decomp-harness/games/melee/state/runs/4a45af8a-9f8c-499b-b375-c0d8e93fc8fd/worker_state/a2cec204-2ba9-4d75-bde8-4c297a29c849
9b9c8a31-fec3-4509-b65b-40052e65ba0e	progressed	6	main/sysdolphin/baselib/hsd_3B34::hsd_803B3CD8	91.04068999999998	91.20501	/Users/Ford/Github Repos/Codecaine/gamecube-decomp-harness/games/melee/state/runs/4a45af8a-9f8c-499b-b375-c0d8e93fc8fd/worker_state/9b9c8a31-fec3-4509-b65b-40052e65ba0e
0e647032-b303-41ae-bf2a-34698774668c	near_miss	6	main/melee/ty/toy::_Toy_8030B530	99.77742	99.866455	/Users/Ford/Github Repos/Codecaine/gamecube-decomp-harness/games/melee/state/runs/4a45af8a-9f8c-499b-b375-c0d8e93fc8fd/worker_state/0e647032-b303-41ae-bf2a-34698774668c
